FltNum,DptrDate,DptrTime,DptrStn,ArrvDate,ArrvTime,ArrvStn,Comp,DutyCostPerHour,ParingCostPerHour
FB8559,8/31/2019,0:05,HOM,8/31/2019,2:05,SXA,C1F1,640.0,20.0
FB8567,8/31/2019,0:35,XXJ,8/31/2019,2:25,SXA,C1F1,,
FB1000,8/31/2019,3:35,SXA,8/31/2019,5:55,NKX,C1F1,,
FB8558,8/31/2019,4:50,SXA,8/31/2019,7:00,NKX,C1F1,,
FB89,8/31/2019,6:10,NKX,8/31/2019,9:00,HUK,C1F1,640.0,20.0
FB239,8/31/2019,6:25,NKX,8/31/2019,8:15,FBX,C1F1,640.0,20.0
FB411,8/31/2019,6:25,NKX,8/31/2019,7:35,HOM,C1F1,640.0,20.0
FB985,8/31/2019,6:25,NKX,8/31/2019,7:30,HOM,C1F1,640.0,20.0
FB8560,8/31/2019,6:35,SXA,8/31/2019,8:30,HOM,C1F1,,
FB293,8/31/2019,6:40,NKX,8/31/2019,7:55,OOJ,C1F1,640.0,20.0
FB993,8/31/2019,6:40,NKX,8/31/2019,9:05,SXA,C1F1,640.0,20.0
FB619,8/31/2019,6:45,NKX,8/31/2019,8:30,XSJ,C1F1,640.0,20.0
FB381,8/31/2019,6:50,NKX,8/31/2019,8:05,YKJ,C1F1,640.0,20.0
FB393,8/31/2019,6:55,NKX,8/31/2019,7:55,UYS,C1F1,640.0,20.0
FB13,8/31/2019,7:00,NKX,8/31/2019,8:05,HOM,C1F1,640.0,20.0
FB51,8/31/2019,7:00,NKX,8/31/2019,8:30,NOU,C1F1,640.0,20.0
FB94,8/31/2019,7:00,HOM,8/31/2019,8:10,NKX,C1F1,640.0,20.0
FB240,8/31/2019,7:00,FBX,8/31/2019,8:40,NKX,C1F1,,
FB671,8/31/2019,7:00,NKX,8/31/2019,8:25,THJ,C1F1,640.0,20.0
FB1200,8/31/2019,7:05,SXA,8/31/2019,8:40,FBX,C1F1,,
FB292,8/31/2019,7:05,OOJ,8/31/2019,8:20,NKX,C1F1,,
FB412,8/31/2019,7:05,HOM,8/31/2019,8:20,NKX,C1F1,640.0,20.0
FB986,8/31/2019,7:05,HOM,8/31/2019,8:15,NKX,C1F1,640.0,20.0
FB93,8/31/2019,7:10,NKX,8/31/2019,8:25,HOM,C1F1,640.0,20.0
FB583,8/31/2019,7:10,NKX,8/31/2019,8:35,MYJ,C1F1,640.0,20.0
FB312,8/31/2019,7:10,OSY,8/31/2019,8:15,NKX,C1F1,,
FB394,8/31/2019,7:10,UYS,8/31/2019,8:15,NKX,C1F1,,
FB652,8/31/2019,7:10,SXJ,8/31/2019,8:25,NKX,C1F1,,
FB541,8/31/2019,7:10,HOM,8/31/2019,8:20,XSJ,C1F1,640.0,20.0
FB382,8/31/2019,7:20,YKJ,8/31/2019,8:40,NKX,C1F1,,
FB241,8/31/2019,7:25,NKX,8/31/2019,9:15,FBX,C1F1,640.0,20.0
FB651,8/31/2019,7:25,NKX,8/31/2019,8:40,SXJ,C1F1,640.0,20.0
FB582,8/31/2019,7:25,MYJ,8/31/2019,8:55,NKX,C1F1,,
FB451,8/31/2019,7:25,NKX,8/31/2019,9:15,TUK,C1F1,640.0,20.0
FB432,8/31/2019,7:30,FBX,8/31/2019,8:45,GKS,C1F1,,
FB1891,8/31/2019,7:30,NKX,8/31/2019,8:25,TAN,C1F1,640.0,20.0
FB14,8/31/2019,7:30,HOM,8/31/2019,8:45,NKX,C1F1,640.0,20.0
FB50,8/31/2019,7:30,NOU,8/31/2019,9:05,NKX,C1F1,,
FB402,8/31/2019,7:30,AXO,8/31/2019,8:35,NKX,C1F1,,
FB522,8/31/2019,7:35,XMJ,8/31/2019,8:40,HOM,C1F1,,
FB463,8/31/2019,7:35,NKX,8/31/2019,10:05,SXA,C1F1,640.0,20.0
FB532,8/31/2019,7:35,OAX,8/31/2019,8:55,NKX,C1F1,,
FB562,8/31/2019,7:35,XNZ,8/31/2019,8:55,NKX,C1F1,,
FB632,8/31/2019,7:35,HWX,8/31/2019,9:10,NKX,C1F1,,
FB672,8/31/2019,7:35,THJ,8/31/2019,9:00,NKX,C1F1,,
FB792,8/31/2019,7:35,SHO,8/31/2019,9:10,NKX,C1F1,,
FB601,8/31/2019,7:35,NKX,8/31/2019,9:15,XMH,C1F1,640.0,20.0
FB492,8/31/2019,7:40,GKS,8/31/2019,8:55,NKX,C1F1,,
FB692,8/31/2019,7:40,BCJ,8/31/2019,9:20,NKX,C1F1,,
FB531,8/31/2019,7:45,NKX,8/31/2019,9:00,OAX,C1F1,640.0,20.0
FB401,8/31/2019,7:50,NKX,8/31/2019,8:55,AXO,C1F1,640.0,20.0
FB732,8/31/2019,7:50,UDJ,8/31/2019,9:10,HOM,C1F1,,
FB2176,8/31/2019,7:50,HOM,8/31/2019,9:10,NKX,C1F1,640.0,20.0
FB313,8/31/2019,7:55,NKX,8/31/2019,8:50,OSY,C1F1,640.0,20.0
FB421,8/31/2019,8:00,HOM,8/31/2019,9:15,FBX,C1F1,640.0,20.0
FB15,8/31/2019,8:00,NKX,8/31/2019,9:05,HOM,C1F1,640.0,20.0
FB1702,8/31/2019,8:00,FBX,8/31/2019,9:05,HOM,C1F1,,
FB53,8/31/2019,8:00,NKX,8/31/2019,9:30,NOU,C1F1,640.0,20.0
FB1271,8/31/2019,8:00,THJ,8/31/2019,10:00,NOU,C1F1,,
FB1731,8/31/2019,8:00,HOM,8/31/2019,10:00,SXA,C1F1,640.0,20.0
FB16,8/31/2019,8:00,HOM,8/31/2019,9:15,NKX,C1F1,640.0,20.0
FB242,8/31/2019,8:00,FBX,8/31/2019,9:45,NKX,C1F1,,
FB460,8/31/2019,8:00,SXA,8/31/2019,10:25,NKX,C1F1,,
FB620,8/31/2019,8:00,XSJ,8/31/2019,9:45,NKX,C1F1,,
FB602,8/31/2019,8:05,XMH,8/31/2019,9:45,NKX,C1F1,,
FB731,8/31/2019,8:05,HOM,8/31/2019,9:20,UDJ,C1F1,640.0,20.0
FB96,8/31/2019,8:10,HOM,8/31/2019,9:25,NKX,C1F1,640.0,20.0
FB561,8/31/2019,8:10,NKX,8/31/2019,9:35,XNZ,C1F1,640.0,20.0
FB661,8/31/2019,8:15,NKX,8/31/2019,10:00,GKU,C1F1,640.0,20.0
FB763,8/31/2019,8:15,HOM,8/31/2019,10:20,SXA,C1F1,640.0,20.0
FB662,8/31/2019,8:15,GKU,8/31/2019,10:05,NKX,C1F1,,
FB673,8/31/2019,8:15,NKX,8/31/2019,9:40,THJ,C1F1,640.0,20.0
FB641,8/31/2019,8:20,NKX,8/31/2019,10:00,XMJ,C1F1,640.0,20.0
FB577,8/31/2019,8:25,HOM,8/31/2019,10:20,NOU,C1F1,640.0,20.0
FB642,8/31/2019,8:25,XMJ,8/31/2019,10:05,NKX,C1F1,,
FB243,8/31/2019,8:30,NKX,8/31/2019,10:15,FBX,C1F1,640.0,20.0
FB52,8/31/2019,8:30,NOU,8/31/2019,10:05,NKX,C1F1,,
FB467,8/31/2019,8:35,NKX,8/31/2019,11:10,SXA,C1F1,640.0,20.0
FB396,8/31/2019,8:35,UYS,8/31/2019,9:40,NKX,C1F1,,
FB751,8/31/2019,8:35,NKX,8/31/2019,9:35,XMQ,C1F1,640.0,20.0
FB1747,8/31/2019,8:40,HOM,8/31/2019,11:05,HUK,C1F1,640.0,20.0
FB771,8/31/2019,8:40,HOM,8/31/2019,10:30,NOU,C1F1,640.0,20.0
FB301,8/31/2019,8:40,GKS,8/31/2019,10:55,SXA,C1F1,,
FB294,8/31/2019,8:45,OOJ,8/31/2019,10:00,NKX,C1F1,,
FB384,8/31/2019,8:45,YKJ,8/31/2019,10:05,NKX,C1F1,,
FB281,8/31/2019,8:50,NKX,8/31/2019,10:05,OXU,C1F1,640.0,20.0
FB747,8/31/2019,8:55,NKX,8/31/2019,9:50,GOQ,C1F1,640.0,20.0
FB787,8/31/2019,8:55,NKX,8/31/2019,10:05,SGJ,C1F1,640.0,20.0
FB621,8/31/2019,8:55,NKX,8/31/2019,10:40,XSJ,C1F1,640.0,20.0
FB245,8/31/2019,9:00,NKX,8/31/2019,10:45,FBX,C1F1,640.0,20.0
FB17,8/31/2019,9:00,NKX,8/31/2019,10:10,HOM,C1F1,640.0,20.0
FB55,8/31/2019,9:00,NKX,8/31/2019,10:35,NOU,C1F1,640.0,20.0
FB18,8/31/2019,9:00,HOM,8/31/2019,10:10,NKX,C1F1,640.0,20.0
FB244,8/31/2019,9:00,FBX,8/31/2019,10:45,NKX,C1F1,,
FB1892,8/31/2019,9:00,TAN,8/31/2019,9:55,NKX,C1F1,,
FB544,8/31/2019,9:05,XSJ,8/31/2019,10:15,HOM,C1F1,,
FB674,8/31/2019,9:05,THJ,8/31/2019,10:25,NKX,C1F1,,
FB434,8/31/2019,9:10,FBX,8/31/2019,10:25,GKS,C1F1,,
FB622,8/31/2019,9:10,XSJ,8/31/2019,10:55,NKX,C1F1,,
FB1795,8/31/2019,9:15,HOM,8/31/2019,11:20,MMC,C1F1,640.0,20.0
FB523,8/31/2019,9:15,HOM,8/31/2019,10:25,XMJ,C1F1,640.0,20.0
FB995,8/31/2019,9:20,NKX,8/31/2019,11:55,SXA,C1F1,640.0,20.0
FB654,8/31/2019,9:20,SXJ,8/31/2019,10:40,NKX,C1F1,,
FB675,8/31/2019,9:20,NKX,8/31/2019,10:45,THJ,C1F1,640.0,20.0
FB246,8/31/2019,9:25,FBX,8/31/2019,11:10,NKX,C1F1,,
FB57,8/31/2019,9:30,NKX,8/31/2019,11:05,NOU,C1F1,640.0,20.0
FB54,8/31/2019,9:30,NOU,8/31/2019,11:05,NKX,C1F1,,
FB584,8/31/2019,9:30,MYJ,8/31/2019,11:00,NKX,C1F1,,
FB316,8/31/2019,9:35,OSY,8/31/2019,10:45,NKX,C1F1,,
FB383,8/31/2019,9:35,NKX,8/31/2019,10:55,YKJ,C1F1,640.0,20.0
FB585,8/31/2019,9:40,NKX,8/31/2019,11:05,MYJ,C1F1,640.0,20.0
FB533,8/31/2019,9:40,NKX,8/31/2019,10:55,OAX,C1F1,640.0,20.0
FB315,8/31/2019,9:40,NKX,8/31/2019,10:40,OSY,C1F1,640.0,20.0
FB404,8/31/2019,9:40,AXO,8/31/2019,10:50,NKX,C1F1,,
FB703,8/31/2019,9:45,GKS,8/31/2019,11:30,NOU,C1F1,,
FB534,8/31/2019,9:45,OAX,8/31/2019,11:05,NKX,C1F1,,
FB247,8/31/2019,9:50,NKX,8/31/2019,11:35,FBX,C1F1,640.0,20.0
FB994,8/31/2019,9:50,SXA,8/31/2019,12:25,NKX,C1F1,,
FB981,8/31/2019,9:50,NKX,8/31/2019,11:40,TUK,C1F1,640.0,20.0
FB403,8/31/2019,9:55,NKX,8/31/2019,11:00,AXO,C1F1,640.0,20.0
FB604,8/31/2019,9:55,XMH,8/31/2019,11:35,NKX,C1F1,,
FB735,8/31/2019,9:55,HOM,8/31/2019,11:10,UDJ,C1F1,640.0,20.0
FB19,8/31/2019,10:00,NKX,8/31/2019,11:05,HOM,C1F1,640.0,20.0
FB734,8/31/2019,10:00,UDJ,8/31/2019,11:20,HOM,C1F1,,
FB59,8/31/2019,10:00,NKX,8/31/2019,11:35,NOU,C1F1,640.0,20.0
FB1205,8/31/2019,10:00,FBX,8/31/2019,11:40,SXA,C1F1,,
FB20,8/31/2019,10:00,HOM,8/31/2019,11:15,NKX,C1F1,640.0,20.0
FB454,8/31/2019,10:00,TUK,8/31/2019,11:45,NKX,C1F1,,
FB643,8/31/2019,10:00,NKX,8/31/2019,11:40,XMJ,C1F1,640.0,20.0
FB248,8/31/2019,10:10,FBX,8/31/2019,11:55,NKX,C1F1,,
FB564,8/31/2019,10:15,XNZ,8/31/2019,11:35,NKX,C1F1,,
FB553,8/31/2019,10:15,NKX,8/31/2019,11:35,TXD,C1F1,640.0,20.0
FB2153,8/31/2019,10:20,NKX,8/31/2019,12:05,NOU,C1F1,640.0,20.0
FB653,8/31/2019,10:20,NKX,8/31/2019,11:35,SXJ,C1F1,640.0,20.0
FB754,8/31/2019,10:20,XMQ,8/31/2019,11:35,NKX,C1F1,,
FB676,8/31/2019,10:25,THJ,8/31/2019,11:50,NKX,C1F1,,
FB249,8/31/2019,10:30,NKX,8/31/2019,12:20,FBX,C1F1,640.0,20.0
FB56,8/31/2019,10:30,NOU,8/31/2019,12:05,NKX,C1F1,,
FB571,8/31/2019,10:30,NKX,8/31/2019,12:20,WXJ,C1F1,640.0,20.0
FB753,8/31/2019,10:30,NKX,8/31/2019,11:30,XMQ,C1F1,640.0,20.0
FB1734,8/31/2019,10:40,SXA,8/31/2019,12:45,HOM,C1F1,,
FB748,8/31/2019,10:40,GOQ,8/31/2019,11:45,NKX,C1F1,,
FB693,8/31/2019,10:45,NKX,8/31/2019,12:20,BCJ,C1F1,640.0,20.0
FB575,8/31/2019,10:45,NKX,8/31/2019,12:15,HWJ,C1F1,640.0,20.0
FB469,8/31/2019,10:45,NKX,8/31/2019,13:20,SXA,C1F1,640.0,20.0
FB644,8/31/2019,10:45,XMJ,8/31/2019,12:30,NKX,C1F1,,
FB677,8/31/2019,10:45,NKX,8/31/2019,12:10,THJ,C1F1,640.0,20.0
FB1693,8/31/2019,10:50,NOU,8/31/2019,14:25,SXA,C1F1,,
FB282,8/31/2019,10:50,OXU,8/31/2019,12:05,NKX,C1F1,,
FB664,8/31/2019,10:50,GKU,8/31/2019,12:40,NKX,C1F1,,
FB462,8/31/2019,10:55,SXA,8/31/2019,13:30,NKX,C1F1,,
FB788,8/31/2019,10:55,SGJ,8/31/2019,12:15,NKX,C1F1,,
FB663,8/31/2019,11:00,NKX,8/31/2019,12:45,GKU,C1F1,640.0,20.0
FB21,8/31/2019,11:00,NKX,8/31/2019,12:05,HOM,C1F1,640.0,20.0
FB61,8/31/2019,11:00,NKX,8/31/2019,12:40,NOU,C1F1,640.0,20.0
FB765,8/31/2019,11:00,HOM,8/31/2019,13:05,SXA,C1F1,640.0,20.0
FB22,8/31/2019,11:00,HOM,8/31/2019,12:15,NKX,C1F1,640.0,20.0
FB774,8/31/2019,11:05,NOU,8/31/2019,12:55,HOM,C1F1,,
FB1867,8/31/2019,11:05,XMJ,8/31/2019,12:40,SXA,C1F1,,
FB764,8/31/2019,11:10,SXA,8/31/2019,13:10,HOM,C1F1,,
FB395,8/31/2019,11:10,NKX,8/31/2019,12:10,UYS,C1F1,640.0,20.0
FB250,8/31/2019,11:20,FBX,8/31/2019,13:05,NKX,C1F1,,
FB1861,8/31/2019,11:25,THJ,8/31/2019,13:20,SXA,C1F1,,
FB624,8/31/2019,11:25,XSJ,8/31/2019,13:10,NKX,C1F1,,
FB741,8/31/2019,11:25,NKX,8/31/2019,13:00,XBT,C1F1,640.0,20.0
FB563,8/31/2019,11:25,NKX,8/31/2019,12:50,XNZ,C1F1,640.0,20.0
FB251,8/31/2019,11:30,NKX,8/31/2019,13:20,FBX,C1F1,640.0,20.0
FB1181,8/31/2019,11:30,OSY,8/31/2019,12:55,NOU,C1F1,,
FB58,8/31/2019,11:30,NOU,8/31/2019,13:05,NKX,C1F1,,
FB289,8/31/2019,11:35,FBX,8/31/2019,14:00,NOU,C1F1,,
FB471,8/31/2019,11:35,NKX,8/31/2019,14:15,SXA,C1F1,640.0,20.0
FB2158,8/31/2019,11:40,SXA,8/31/2019,14:25,NKX,C1F1,,
FB1748,8/31/2019,11:45,HUK,8/31/2019,14:15,HOM,C1F1,,
FB1621,8/31/2019,11:45,OAX,8/31/2019,13:45,SXA,C1F1,,
FB1142,8/31/2019,11:50,NOU,8/31/2019,13:40,HOM,C1F1,,
FB406,8/31/2019,11:50,AXO,8/31/2019,13:00,NKX,C1F1,,
FB590,8/31/2019,11:50,MYJ,8/31/2019,13:20,NKX,C1F1,,
FB91,8/31/2019,11:55,NKX,8/31/2019,14:45,HUK,C1F1,640.0,20.0
FB775,8/31/2019,11:55,HOM,8/31/2019,13:50,NOU,C1F1,640.0,20.0
FB1863,8/31/2019,11:55,UDJ,8/31/2019,14:50,SXA,C1F1,,
FB623,8/31/2019,11:55,NKX,8/31/2019,13:40,XSJ,C1F1,640.0,20.0
FB23,8/31/2019,12:00,NKX,8/31/2019,13:05,HOM,C1F1,640.0,20.0
FB1796,8/31/2019,12:00,MMC,8/31/2019,14:25,HOM,C1F1,,
FB635,8/31/2019,12:00,NKX,8/31/2019,13:35,HWX,C1F1,640.0,20.0
FB87,8/31/2019,12:00,NKX,8/31/2019,14:50,MMY,C1F1,640.0,20.0
FB63,8/31/2019,12:00,NKX,8/31/2019,13:35,NOU,C1F1,640.0,20.0
FB24,8/31/2019,12:00,HOM,8/31/2019,13:15,NKX,C1F1,640.0,20.0
FB464,8/31/2019,12:00,SXA,8/31/2019,14:35,NKX,C1F1,,
FB535,8/31/2019,12:05,NKX,8/31/2019,13:25,OAX,C1F1,640.0,20.0
FB706,8/31/2019,12:10,NOU,8/31/2019,13:55,GKS,C1F1,,
FB1173,8/31/2019,12:10,XMQ,8/31/2019,13:40,NOU,C1F1,,
FB1893,8/31/2019,12:15,NKX,8/31/2019,13:10,TAN,C1F1,640.0,20.0
FB386,8/31/2019,12:15,YKJ,8/31/2019,13:40,NKX,C1F1,,
FB982,8/31/2019,12:15,TUK,8/31/2019,14:00,NKX,C1F1,,
FB377,8/31/2019,12:15,NKX,8/31/2019,13:55,UTC,C1F1,640.0,20.0
FB90,8/31/2019,12:20,HUK,8/31/2019,15:15,NKX,C1F1,,
FB252,8/31/2019,12:20,FBX,8/31/2019,14:10,NKX,C1F1,,
FB554,8/31/2019,12:20,TXD,8/31/2019,13:45,NKX,C1F1,,
FB589,8/31/2019,12:25,NKX,8/31/2019,13:50,MYJ,C1F1,640.0,20.0
FB646,8/31/2019,12:25,XMJ,8/31/2019,14:10,NKX,C1F1,,
FB62,8/31/2019,12:30,NOU,8/31/2019,14:05,NKX,C1F1,,
FB555,8/31/2019,12:30,NKX,8/31/2019,13:50,TXD,C1F1,640.0,20.0
FB253,8/31/2019,12:35,NKX,8/31/2019,14:20,FBX,C1F1,640.0,20.0
FB656,8/31/2019,12:35,SXJ,8/31/2019,13:55,NKX,C1F1,,
FB1208,8/31/2019,12:40,SXA,8/31/2019,14:25,FBX,C1F1,,
FB996,8/31/2019,12:45,SXA,8/31/2019,15:20,NKX,C1F1,,
FB398,8/31/2019,12:50,UYS,8/31/2019,13:55,NKX,C1F1,,
FB473,8/31/2019,12:55,NKX,8/31/2019,15:30,SXA,C1F1,640.0,20.0
FB576,8/31/2019,12:55,HWJ,8/31/2019,14:30,NKX,C1F1,,
FB25,8/31/2019,13:00,NKX,8/31/2019,14:05,HOM,C1F1,640.0,20.0
FB65,8/31/2019,13:00,NKX,8/31/2019,14:35,NOU,C1F1,640.0,20.0
FB26,8/31/2019,13:00,HOM,8/31/2019,14:15,NKX,C1F1,640.0,20.0
FB572,8/31/2019,13:00,WXJ,8/31/2019,14:55,NKX,C1F1,,
FB678,8/31/2019,13:00,THJ,8/31/2019,14:25,NKX,C1F1,,
FB696,8/31/2019,13:00,BCJ,8/31/2019,14:40,NKX,C1F1,,
FB991,8/31/2019,13:05,NKX,8/31/2019,14:30,HOM,C1F1,640.0,20.0
FB1101,8/31/2019,13:05,NKX,8/31/2019,14:20,OOJ,C1F1,640.0,20.0
FB2154,8/31/2019,13:05,NOU,8/31/2019,14:50,NKX,C1F1,,
FB573,8/31/2019,13:05,NKX,8/31/2019,14:55,WXJ,C1F1,640.0,20.0
FB565,8/31/2019,13:10,NKX,8/31/2019,14:35,XNZ,C1F1,640.0,20.0
FB254,8/31/2019,13:15,FBX,8/31/2019,15:00,NKX,C1F1,,
FB679,8/31/2019,13:20,NKX,8/31/2019,14:40,THJ,C1F1,640.0,20.0
FB609,8/31/2019,13:20,NKX,8/31/2019,15:00,XMH,C1F1,640.0,20.0
FB64,8/31/2019,13:30,NOU,8/31/2019,15:05,NKX,C1F1,,
FB255,8/31/2019,13:35,NKX,8/31/2019,15:25,FBX,C1F1,640.0,20.0
FB566,8/31/2019,13:35,XNZ,8/31/2019,14:55,NKX,C1F1,,
FB666,8/31/2019,13:40,GKU,8/31/2019,15:30,NKX,C1F1,,
FB742,8/31/2019,13:40,XBT,8/31/2019,15:25,NKX,C1F1,,
FB1182,8/31/2019,13:45,NOU,8/31/2019,15:15,OSY,C1F1,,
FB625,8/31/2019,13:55,NKX,8/31/2019,15:35,XSJ,C1F1,640.0,20.0
FB405,8/31/2019,14:00,NKX,8/31/2019,15:05,AXO,C1F1,640.0,20.0
FB27,8/31/2019,14:00,NKX,8/31/2019,15:05,HOM,C1F1,640.0,20.0
FB766,8/31/2019,14:00,SXA,8/31/2019,16:00,HOM,C1F1,,
FB67,8/31/2019,14:00,NKX,8/31/2019,15:35,NOU,C1F1,640.0,20.0
FB767,8/31/2019,14:00,HOM,8/31/2019,16:05,SXA,C1F1,640.0,20.0
FB28,8/31/2019,14:00,HOM,8/31/2019,15:15,NKX,C1F1,640.0,20.0
FB256,8/31/2019,14:05,FBX,8/31/2019,15:55,NKX,C1F1,,
FB1864,8/31/2019,14:05,SXA,8/31/2019,16:50,UDJ,C1F1,,
FB536,8/31/2019,14:10,OAX,8/31/2019,15:30,NKX,C1F1,,
FB1894,8/31/2019,14:10,TAN,8/31/2019,15:05,NKX,C1F1,,
FB2178,8/31/2019,14:10,HOM,8/31/2019,15:30,NKX,C1F1,640.0,20.0
FB257,8/31/2019,14:15,NKX,8/31/2019,16:00,FBX,C1F1,640.0,20.0
FB655,8/31/2019,14:15,NKX,8/31/2019,15:30,SXJ,C1F1,640.0,20.0
FB290,8/31/2019,14:20,NOU,8/31/2019,16:40,FBX,C1F1,,
FB468,8/31/2019,14:20,SXA,8/31/2019,16:55,NKX,C1F1,,
FB636,8/31/2019,14:20,HWX,8/31/2019,15:55,NKX,C1F1,,
FB1174,8/31/2019,14:20,NOU,8/31/2019,15:55,XMQ,C1F1,,
FB626,8/31/2019,14:25,XSJ,8/31/2019,16:10,NKX,C1F1,,
FB475,8/31/2019,14:30,NKX,8/31/2019,17:00,SXA,C1F1,640.0,20.0
FB66,8/31/2019,14:30,NOU,8/31/2019,16:05,NKX,C1F1,,
FB556,8/31/2019,14:30,TXD,8/31/2019,15:55,NKX,C1F1,,
FB378,8/31/2019,14:35,UTC,8/31/2019,16:25,NKX,C1F1,,
FB1141,8/31/2019,14:40,HOM,8/31/2019,16:35,NOU,C1F1,640.0,20.0
FB1622,8/31/2019,14:40,SXA,8/31/2019,16:35,OAX,C1F1,,
FB592,8/31/2019,14:40,MYJ,8/31/2019,16:10,NKX,C1F1,,
FB645,8/31/2019,14:50,NKX,8/31/2019,16:30,XMJ,C1F1,640.0,20.0
FB681,8/31/2019,14:55,NKX,8/31/2019,16:15,THJ,C1F1,640.0,20.0
FB259,8/31/2019,15:00,NKX,8/31/2019,16:45,FBX,C1F1,640.0,20.0
FB31,8/31/2019,15:00,NKX,8/31/2019,16:05,HOM,C1F1,640.0,20.0
FB593,8/31/2019,15:00,NKX,8/31/2019,16:25,MYJ,C1F1,640.0,20.0
FB69,8/31/2019,15:00,NKX,8/31/2019,16:30,NOU,C1F1,640.0,20.0
FB30,8/31/2019,15:00,HOM,8/31/2019,16:15,NKX,C1F1,640.0,20.0
FB470,8/31/2019,15:00,SXA,8/31/2019,17:40,NKX,C1F1,,
FB1102,8/31/2019,15:00,OOJ,8/31/2019,16:15,NKX,C1F1,,
FB258,8/31/2019,15:05,FBX,8/31/2019,16:55,NKX,C1F1,,
FB990,8/31/2019,15:10,HOM,8/31/2019,16:25,NKX,C1F1,640.0,20.0
FB1872,8/31/2019,15:15,SXA,8/31/2019,16:50,GKU,C1F1,,
FB568,8/31/2019,15:15,XNZ,8/31/2019,16:35,NKX,C1F1,,
FB1868,8/31/2019,15:15,SXA,8/31/2019,16:50,XMJ,C1F1,,
FB697,8/31/2019,15:25,NKX,8/31/2019,17:00,BCJ,C1F1,640.0,20.0
FB1209,8/31/2019,15:25,FBX,8/31/2019,17:10,SXA,C1F1,,
FB680,8/31/2019,15:25,THJ,8/31/2019,16:50,NKX,C1F1,,
FB1103,8/31/2019,15:30,NKX,8/31/2019,17:00,HWJ,C1F1,640.0,20.0
FB68,8/31/2019,15:30,NOU,8/31/2019,17:05,NKX,C1F1,,
FB92,8/31/2019,15:30,HUK,8/31/2019,18:25,NKX,C1F1,,
FB88,8/31/2019,15:35,MMY,8/31/2019,18:25,NKX,C1F1,,
FB574,8/31/2019,15:35,WXJ,8/31/2019,17:30,NKX,C1F1,,
FB1862,8/31/2019,15:35,SXA,8/31/2019,17:25,THJ,C1F1,,
FB610,8/31/2019,15:40,XMH,8/31/2019,17:20,NKX,C1F1,,
FB261,8/31/2019,15:45,NKX,8/31/2019,17:35,FBX,C1F1,640.0,20.0
FB777,8/31/2019,15:45,HOM,8/31/2019,17:35,NOU,C1F1,640.0,20.0
FB797,8/31/2019,15:45,NKX,8/31/2019,17:20,SHO,C1F1,640.0,20.0
FB477,8/31/2019,15:45,NKX,8/31/2019,18:10,SXA,C1F1,640.0,20.0
FB408,8/31/2019,15:45,AXO,8/31/2019,16:55,NKX,C1F1,,
FB4875,8/31/2019,15:45,NOU,8/31/2019,16:30,XBT,C1F1,,
FB1644,8/31/2019,15:50,MYJ,8/31/2019,16:40,HOM,C1F1,,
FB1895,8/31/2019,15:55,NKX,8/31/2019,16:45,TAN,C1F1,640.0,20.0
FB397,8/31/2019,15:55,NKX,8/31/2019,16:55,UYS,C1F1,640.0,20.0
FB33,8/31/2019,16:00,NKX,8/31/2019,17:05,HOM,C1F1,640.0,20.0
FB71,8/31/2019,16:00,NKX,8/31/2019,17:30,NOU,C1F1,640.0,20.0
FB32,8/31/2019,16:00,HOM,8/31/2019,17:15,NKX,C1F1,640.0,20.0
FB320,8/31/2019,16:00,OSY,8/31/2019,17:10,NKX,C1F1,,
FB455,8/31/2019,16:05,NKX,8/31/2019,17:55,TUK,C1F1,640.0,20.0
FB567,8/31/2019,16:05,NKX,8/31/2019,17:25,XNZ,C1F1,640.0,20.0
FB667,8/31/2019,16:10,NKX,8/31/2019,17:55,GKU,C1F1,640.0,20.0
FB789,8/31/2019,16:10,NKX,8/31/2019,17:20,SGJ,C1F1,640.0,20.0
FB1717,8/31/2019,16:15,HOM,8/31/2019,18:10,NOU,C1F1,640.0,20.0
FB260,8/31/2019,16:15,FBX,8/31/2019,18:05,NKX,C1F1,,
FB658,8/31/2019,16:15,SXJ,8/31/2019,17:35,NKX,C1F1,,
FB472,8/31/2019,16:20,SXA,8/31/2019,18:55,NKX,C1F1,,
FB263,8/31/2019,16:25,NKX,8/31/2019,18:15,FBX,C1F1,640.0,20.0
FB628,8/31/2019,16:25,XSJ,8/31/2019,18:15,NKX,C1F1,,
FB70,8/31/2019,16:30,NOU,8/31/2019,18:05,NKX,C1F1,,
FB297,8/31/2019,16:35,NKX,8/31/2019,17:50,OOJ,C1F1,640.0,20.0
FB756,8/31/2019,16:35,XMQ,8/31/2019,17:45,NKX,C1F1,,
FB2177,8/31/2019,16:40,NKX,8/31/2019,18:00,HOM,C1F1,640.0,20.0
FB285,8/31/2019,16:40,NKX,8/31/2019,17:55,OXU,C1F1,640.0,20.0
FB755,8/31/2019,16:40,NKX,8/31/2019,17:40,XMQ,C1F1,640.0,20.0
FB627,8/31/2019,16:45,NKX,8/31/2019,18:30,XSJ,C1F1,640.0,20.0
FB770,8/31/2019,16:50,SXA,8/31/2019,18:55,HOM,C1F1,,
FB262,8/31/2019,16:50,FBX,8/31/2019,18:40,NKX,C1F1,,
FB778,8/31/2019,16:55,NOU,8/31/2019,18:45,HOM,C1F1,,
FB265,8/31/2019,17:00,NKX,8/31/2019,18:50,FBX,C1F1,640.0,20.0
FB35,8/31/2019,17:00,NKX,8/31/2019,18:10,HOM,C1F1,640.0,20.0
FB73,8/31/2019,17:00,NKX,8/31/2019,18:35,NOU,C1F1,640.0,20.0
FB34,8/31/2019,17:00,HOM,8/31/2019,18:15,NKX,C1F1,640.0,20.0
FB72,8/31/2019,17:00,NOU,8/31/2019,18:35,NKX,C1F1,,
FB682,8/31/2019,17:00,THJ,8/31/2019,18:25,NKX,C1F1,,
FB737,8/31/2019,17:00,HOM,8/31/2019,18:15,UDJ,C1F1,640.0,20.0
FB4876,8/31/2019,17:05,XBT,8/31/2019,17:50,NOU,C1F1,,
FB637,8/31/2019,17:10,NKX,8/31/2019,18:45,HWX,C1F1,640.0,20.0
FB683,8/31/2019,17:10,NKX,8/31/2019,18:30,THJ,C1F1,640.0,20.0
FB595,8/31/2019,17:15,NKX,8/31/2019,18:40,MYJ,C1F1,640.0,20.0
FB1097,8/31/2019,17:15,NKX,8/31/2019,19:45,SXA,C1F1,640.0,20.0
FB596,8/31/2019,17:15,MYJ,8/31/2019,18:50,NKX,C1F1,,
FB427,8/31/2019,17:20,HOM,8/31/2019,18:35,FBX,C1F1,640.0,20.0
FB648,8/31/2019,17:20,XMJ,8/31/2019,19:05,NKX,C1F1,,
FB1896,8/31/2019,17:20,TAN,8/31/2019,18:20,NKX,C1F1,,
FB428,8/31/2019,17:30,FBX,8/31/2019,18:40,HOM,C1F1,,
FB526,8/31/2019,17:30,XMJ,8/31/2019,18:35,HOM,C1F1,,
FB537,8/31/2019,17:30,NKX,8/31/2019,18:45,OAX,C1F1,640.0,20.0
FB74,8/31/2019,17:30,NOU,8/31/2019,19:05,NKX,C1F1,,
FB738,8/31/2019,17:35,UDJ,8/31/2019,18:55,HOM,C1F1,,
FB786,8/31/2019,17:35,GKU,8/31/2019,18:45,HOM,C1F1,,
FB264,8/31/2019,17:35,FBX,8/31/2019,19:25,NKX,C1F1,,
FB538,8/31/2019,17:40,OAX,8/31/2019,19:00,NKX,C1F1,,
FB700,8/31/2019,17:40,BCJ,8/31/2019,19:20,NKX,C1F1,,
FB1104,8/31/2019,17:40,HWJ,8/31/2019,19:20,NKX,C1F1,,
FB557,8/31/2019,17:40,NKX,8/31/2019,19:00,TXD,C1F1,640.0,20.0
FB613,8/31/2019,17:40,NKX,8/31/2019,19:20,XMH,C1F1,640.0,20.0
FB85,8/31/2019,17:45,NKX,8/31/2019,18:45,GKS,C1F1,640.0,20.0
FB400,8/31/2019,17:50,UYS,8/31/2019,18:55,NKX,C1F1,,
FB780,8/31/2019,17:55,NOU,8/31/2019,19:45,HOM,C1F1,,
FB2159,8/31/2019,17:55,NKX,8/31/2019,20:40,SXA,C1F1,640.0,20.0
FB267,8/31/2019,18:00,NKX,8/31/2019,20:00,FBX,C1F1,640.0,20.0
FB308,8/31/2019,18:00,SXA,8/31/2019,20:10,GKS,C1F1,,
FB37,8/31/2019,18:00,NKX,8/31/2019,19:10,HOM,C1F1,640.0,20.0
FB75,8/31/2019,18:00,NKX,8/31/2019,19:35,NOU,C1F1,640.0,20.0
FB36,8/31/2019,18:00,HOM,8/31/2019,19:15,NKX,C1F1,640.0,20.0
FB790,8/31/2019,18:00,SGJ,8/31/2019,19:15,NKX,C1F1,,
FB647,8/31/2019,18:00,NKX,8/31/2019,19:45,XMJ,C1F1,640.0,20.0
FB657,8/31/2019,18:05,NKX,8/31/2019,19:20,SXJ,C1F1,640.0,20.0
FB474,8/31/2019,18:05,SXA,8/31/2019,20:35,NKX,C1F1,,
FB570,8/31/2019,18:05,XNZ,8/31/2019,19:30,NKX,C1F1,,
FB684,8/31/2019,18:05,THJ,8/31/2019,19:30,NKX,C1F1,,
FB800,8/31/2019,18:05,SHO,8/31/2019,19:45,NKX,C1F1,,
FB407,8/31/2019,18:10,NKX,8/31/2019,19:15,AXO,C1F1,640.0,20.0
FB2179,8/31/2019,18:10,NKX,8/31/2019,19:35,HOM,C1F1,640.0,20.0
FB685,8/31/2019,18:15,NKX,8/31/2019,19:40,THJ,C1F1,640.0,20.0
FB578,8/31/2019,18:20,NOU,8/31/2019,20:10,HOM,C1F1,,
FB495,8/31/2019,18:25,NKX,8/31/2019,19:40,GKS,C1F1,640.0,20.0
FB266,8/31/2019,18:25,FBX,8/31/2019,20:10,NKX,C1F1,,
FB387,8/31/2019,18:25,NKX,8/31/2019,19:45,YKJ,C1F1,640.0,20.0
FB76,8/31/2019,18:30,NOU,8/31/2019,20:05,NKX,C1F1,,
FB298,8/31/2019,18:30,OOJ,8/31/2019,19:55,NKX,C1F1,,
FB380,8/31/2019,18:35,NOU,8/31/2019,20:30,SXJ,C1F1,,
FB458,8/31/2019,18:35,TUK,8/31/2019,20:20,NKX,C1F1,,
FB758,8/31/2019,18:35,XMQ,8/31/2019,19:50,NKX,C1F1,,
FB779,8/31/2019,18:40,HOM,8/31/2019,20:25,NOU,C1F1,640.0,20.0
FB1718,8/31/2019,18:45,NOU,8/31/2019,20:55,HOM,C1F1,,
FB670,8/31/2019,18:45,GKU,8/31/2019,20:40,NKX,C1F1,,
FB286,8/31/2019,18:50,OXU,8/31/2019,20:10,NKX,C1F1,,
FB1272,8/31/2019,18:50,NOU,8/31/2019,20:50,THJ,C1F1,,
FB617,8/31/2019,18:50,NKX,8/31/2019,20:25,XMH,C1F1,640.0,20.0
FB740,8/31/2019,18:55,UDJ,8/31/2019,20:20,HOM,C1F1,,
FB649,8/31/2019,18:55,NKX,8/31/2019,20:40,XMJ,C1F1,640.0,20.0
FB569,8/31/2019,18:55,NKX,8/31/2019,20:15,XNZ,C1F1,640.0,20.0
FB269,8/31/2019,19:00,NKX,8/31/2019,20:50,FBX,C1F1,640.0,20.0
FB39,8/31/2019,19:00,NKX,8/31/2019,20:15,HOM,C1F1,640.0,20.0
FB77,8/31/2019,19:00,NKX,8/31/2019,20:35,NOU,C1F1,640.0,20.0
FB38,8/31/2019,19:00,HOM,8/31/2019,20:15,NKX,C1F1,640.0,20.0
FB699,8/31/2019,19:10,NKX,8/31/2019,20:45,BCJ,C1F1,640.0,20.0
FB268,8/31/2019,19:10,FBX,8/31/2019,21:00,NKX,C1F1,,
FB476,8/31/2019,19:10,SXA,8/31/2019,21:40,NKX,C1F1,,
FB629,8/31/2019,19:10,NKX,8/31/2019,20:50,XSJ,C1F1,640.0,20.0
FB430,8/31/2019,19:15,FBX,8/31/2019,20:35,HOM,C1F1,,
FB630,8/31/2019,19:15,XSJ,8/31/2019,21:05,NKX,C1F1,,
FB686,8/31/2019,19:15,THJ,8/31/2019,20:40,NKX,C1F1,,
FB41,8/31/2019,19:20,NKX,8/31/2019,20:35,HOM,C1F1,640.0,20.0
FB299,8/31/2019,19:20,NKX,8/31/2019,20:35,OOJ,C1F1,640.0,20.0
FB669,8/31/2019,19:25,NKX,8/31/2019,21:15,GKU,C1F1,640.0,20.0
FB457,8/31/2019,19:25,NKX,8/31/2019,21:20,TUK,C1F1,640.0,20.0
FB271,8/31/2019,19:30,NKX,8/31/2019,21:20,FBX,C1F1,640.0,20.0
FB717,8/31/2019,19:30,GKS,8/31/2019,21:10,NOU,C1F1,,
FB78,8/31/2019,19:30,NOU,8/31/2019,21:05,NKX,C1F1,,
FB598,8/31/2019,19:30,MYJ,8/31/2019,21:05,NKX,C1F1,,
FB1709,8/31/2019,19:35,HOM,8/31/2019,20:50,FBX,C1F1,640.0,20.0
FB540,8/31/2019,19:35,OAX,8/31/2019,20:55,NKX,C1F1,,
FB640,8/31/2019,19:35,HWX,8/31/2019,21:15,NKX,C1F1,,
FB687,8/31/2019,19:35,NKX,8/31/2019,21:00,THJ,C1F1,640.0,20.0
FB599,8/31/2019,19:40,NKX,8/31/2019,21:05,MYJ,C1F1,640.0,20.0
FB270,8/31/2019,19:40,FBX,8/31/2019,21:25,NKX,C1F1,,
FB739,8/31/2019,19:40,HOM,8/31/2019,20:55,UDJ,C1F1,640.0,20.0
FB529,8/31/2019,19:40,HOM,8/31/2019,20:50,XMJ,C1F1,640.0,20.0
FB273,8/31/2019,19:45,NKX,8/31/2019,21:40,FBX,C1F1,640.0,20.0
FB558,8/31/2019,19:45,TXD,8/31/2019,21:10,NKX,C1F1,,
FB321,8/31/2019,19:55,NKX,8/31/2019,20:50,OSY,C1F1,640.0,20.0
FB79,8/31/2019,20:00,NKX,8/31/2019,21:35,NOU,C1F1,640.0,20.0
FB539,8/31/2019,20:00,NKX,8/31/2019,21:20,OAX,C1F1,640.0,20.0
FB479,8/31/2019,20:00,NKX,8/31/2019,22:30,SXA,C1F1,640.0,20.0
FB410,8/31/2019,20:00,AXO,8/31/2019,21:10,NKX,C1F1,,
FB618,8/31/2019,20:05,XMH,8/31/2019,21:45,NKX,C1F1,,
FB660,8/31/2019,20:05,SXJ,8/31/2019,21:25,NKX,C1F1,,
FB389,8/31/2019,20:05,NKX,8/31/2019,21:25,YKJ,C1F1,640.0,20.0
FB449,8/31/2019,20:10,GKS,8/31/2019,21:35,FBX,C1F1,,
FB659,8/31/2019,20:10,NKX,8/31/2019,21:30,SXJ,C1F1,640.0,20.0
FB415,8/31/2019,20:15,NKX,8/31/2019,21:30,HOM,C1F1,640.0,20.0
FB639,8/31/2019,20:15,NKX,8/31/2019,21:50,HWX,C1F1,640.0,20.0
FB399,8/31/2019,20:15,NKX,8/31/2019,21:15,UYS,C1F1,640.0,20.0
FB409,8/31/2019,20:20,NKX,8/31/2019,21:25,AXO,C1F1,640.0,20.0
FB40,8/31/2019,20:20,HOM,8/31/2019,21:35,NKX,C1F1,640.0,20.0
FB688,8/31/2019,20:20,THJ,8/31/2019,21:50,NKX,C1F1,,
FB390,8/31/2019,20:25,YKJ,8/31/2019,21:55,NKX,C1F1,,
FB650,8/31/2019,20:25,XMJ,8/31/2019,22:20,NKX,C1F1,,
FB97,8/31/2019,20:30,NKX,8/31/2019,21:50,HOM,C1F1,640.0,20.0
FB82,8/31/2019,20:30,NOU,8/31/2019,22:10,NKX,C1F1,,
FB689,8/31/2019,20:30,NKX,8/31/2019,21:55,THJ,C1F1,640.0,20.0
FB81,8/31/2019,20:40,NKX,8/31/2019,22:15,NOU,C1F1,640.0,20.0
FB272,8/31/2019,20:45,FBX,8/31/2019,22:30,NKX,C1F1,,
FB478,8/31/2019,20:50,SXA,8/31/2019,23:15,NKX,C1F1,,
FB416,8/31/2019,20:55,HOM,8/31/2019,22:20,NKX,C1F1,640.0,20.0
FB99,8/31/2019,21:00,NKX,8/31/2019,22:20,HOM,C1F1,640.0,20.0
FB98,8/31/2019,21:10,HOM,8/31/2019,22:30,NKX,C1F1,640.0,20.0
FB84,8/31/2019,21:25,NOU,8/31/2019,23:00,NKX,C1F1,,
FB100,8/31/2019,21:35,HOM,8/31/2019,22:50,NKX,C1F1,640.0,20.0
FB690,8/31/2019,21:35,THJ,8/31/2019,23:00,NKX,C1F1,,
FB988,8/31/2019,21:50,NOU,8/31/2019,23:30,NKX,C1F1,,
